frame,time_s,found,reason,matches,flow_points,inliers,median_error_px,processing_ms,corners
0,0.0,1,found,2500,0,2077,0.0,259.83868799812626,"[[6.393069938454704e-14, 2.4470122854543773e-14], [1079.0, 1.0432744891510776e-13], [1079.0, 1919.0], [-2.641521204516887e-14, 1919.0]]"
1,0.0333632725973562,1,found,1908,140,1801,0.3646518290042877,261.11661799950525,"[[-1.3998823165893555, 1.2702558040618896], [1075.37158203125, 1.8337548971176147], [1075.54833984375, 1916.2200927734375], [-1.5840282440185547, 1916.3505859375]]"
2,0.0667265451947124,1,found,1832,129,1719,0.44551992416381836,257.46251200325787,"[[-2.925973892211914, 2.5558674335479736], [1071.886474609375, 2.2664244174957275], [1072.4254150390625, 1914.9378662109375], [-3.008657932281494, 1914.859130859375]]"
3,0.1000898177920686,1,found,1754,129,1638,0.49443191289901733,254.38747999578482,"[[-4.371671199798584, 1.8818424940109253], [1069.5296630859375, 2.3176333904266357], [1069.262939453125, 1912.7471923828125], [-4.615212440490723, 1913.0487060546875]]"
4,0.1334530903894248,1,found,1761,109,1616,0.5259708166122437,252.67376100237016,"[[-5.432230472564697, 1.4182977676391602], [1068.633544921875, 1.884128451347351], [1068.4488525390625, 1912.558837890625], [-5.69700813293457, 1913.341796875]]"
5,0.166816362986781,1,found,1761,96,1584,0.5262292623519897,252.87192899850197,"[[-5.319936275482178, 3.2751219272613525], [1066.2265625, 3.17022442817688], [1067.5941162109375, 1912.4842529296875], [-5.924446105957031, 1912.8294677734375]]"
6,0.2001796355841372,1,found,1744,102,1599,0.5058817267417908,255.73504799831426,"[[-5.454962253570557, 1.017806887626648], [1066.1551513671875, 1.6411535739898682], [1065.859375, 1909.0916748046875], [-5.540624141693115, 1909.837646484375]]"
7,0.2335429081814934,1,found,1757,123,1615,0.5317898988723755,255.91091599926585,"[[-1.8528228998184204, 2.2224559783935547], [1067.0037841796875, 3.2056822776794434], [1066.824951171875, 1906.2586669921875], [-2.6729660034179688, 1906.73291015625]]"
8,0.2669061807788496,1,found,1628,144,1513,0.5600186586380005,260.3536129972781,"[[2.935420274734497, 6.919390678405762], [1068.3197021484375, 4.719109058380127], [1069.0504150390625, 1905.313720703125], [1.2989742755889893, 1904.4241943359375]]"
9,0.3002694533762058,1,found,1601,137,1494,0.5511566400527954,254.3638089991873,"[[2.7088310718536377, 5.9968743324279785], [1067.640869140625, 6.283336162567139], [1067.879638671875, 1901.6239013671875], [2.129220962524414, 1902.34375]]"
10,0.333632725973562,1,found,1561,132,1460,0.5534573793411255,249.15012299607042,"[[0.5787283182144165, 7.411038875579834], [1064.5565185546875, 8.540067672729492], [1064.0252685546875, 1899.2315673828125], [0.4053788185119629, 1901.8101806640625]]"
11,0.3669959985709182,1,found,1542,128,1439,0.5209633708000183,258.5805429989705,"[[-1.465779185295105, 9.851641654968262], [1060.463134765625, 11.046605110168457], [1060.9912109375, 1899.7545166015625], [-1.8350533246994019, 1900.8636474609375]]"
12,0.4003592711682744,1,found,1536,130,1421,0.5292020440101624,256.05163499858463,"[[-2.1873490810394287, 10.974003791809082], [1057.7318115234375, 12.264006614685059], [1057.7872314453125, 1898.123046875], [-2.654810667037964, 1899.483154296875]]"
13,0.43372254376563063,1,found,1547,125,1421,0.5199853181838989,250.97311900026398,"[[-2.1094093322753906, 13.42733097076416], [1056.0748291015625, 13.988985061645508], [1055.9605712890625, 1897.3858642578125], [-3.1529929637908936, 1898.0335693359375]]"
14,0.4670858163629868,1,found,1507,109,1388,0.5340443849563599,251.35732599301264,"[[-1.0606471300125122, 15.065983772277832], [1053.557373046875, 16.479961395263672], [1054.2093505859375, 1895.018798828125], [-2.416485071182251, 1895.481689453125]]"
15,0.500449088960343,1,found,1531,124,1419,0.5527562499046326,248.49753599846736,"[[1.154544711112976, 16.66397476196289], [1053.737060546875, 15.923636436462402], [1054.8201904296875, 1891.992919921875], [-0.4072902202606201, 1891.5987548828125]]"
16,0.5338123615576992,1,found,1559,118,1452,0.542258083820343,256.71633100137115,"[[3.8572638034820557, 17.33728790283203], [1054.0587158203125, 17.099451065063477], [1053.68603515625, 1887.54833984375], [2.871299982070923, 1887.431884765625]]"
17,0.5671756341550555,1,found,1577,111,1445,0.5344161987304688,251.80508400080726,"[[6.847207546234131, 20.517250061035156], [1051.87939453125, 21.531635284423828], [1051.8099365234375, 1882.1500244140625], [6.268229007720947, 1882.59765625]]"
18,0.6005389067524116,1,found,1603,115,1480,0.5435632467269897,250.95035700360313,"[[11.378490447998047, 25.81389617919922], [1050.7569580078125, 25.18006706237793], [1050.2264404296875, 1877.1463623046875], [10.544262886047363, 1876.650146484375]]"
19,0.6339021793497678,1,found,1606,105,1473,0.5656472444534302,253.08227799541783,"[[18.38681411743164, 33.122459411621094], [1049.5013427734375, 30.669313430786133], [1049.5621337890625, 1870.7474365234375], [17.294279098510742, 1869.963134765625]]"
20,0.667265451947124,1,found,1600,124,1498,0.5339453220367432,253.6091329966439,"[[25.970458984375, 40.3426628112793], [1048.689697265625, 38.30078125], [1048.5943603515625, 1863.294921875], [25.093191146850586, 1862.666259765625]]"
21,0.7006287245444802,1,found,1560,134,1462,0.5921549797058105,305.5470460021752,"[[36.31199645996094, 50.318660736083984], [1048.3826904296875, 48.759376525878906], [1048.2672119140625, 1854.7481689453125], [34.554534912109375, 1853.58203125]]"
22,0.7339919971418364,1,found,1544,142,1440,0.5998094081878662,267.5212440008181,"[[46.633995056152344, 62.65814208984375], [1045.720703125, 62.241607666015625], [1046.61767578125, 1844.9019775390625], [43.9345703125, 1844.166015625]]"
23,0.7673552697391927,1,found,1491,126,1421,0.6023002862930298,263.23256099567516,"[[54.511985778808594, 70.69464874267578], [1044.284423828125, 70.21698760986328], [1043.9364013671875, 1834.985107421875], [53.360897064208984, 1834.4256591796875]]"
24,0.8007185423365488,1,found,1425,148,1375,0.6093838810920715,264.55767099832883,"[[61.14105987548828, 79.44874572753906], [1041.8057861328125, 79.21370697021484], [1041.1212158203125, 1826.1954345703125], [59.09007263183594, 1825.2711181640625]]"
25,0.834081814933905,1,found,1324,150,1294,0.6670999526977539,243.34934500075178,"[[66.58958435058594, 85.4627685546875], [1038.4195556640625, 85.67227935791016], [1037.082275390625, 1816.7725830078125], [64.58170318603516, 1815.864501953125]]"
26,0.8674450875312613,1,found,1279,123,1227,0.7003257870674133,251.14901099732378,"[[73.58690643310547, 93.16971588134766], [1034.87890625, 94.1959228515625], [1034.6993408203125, 1807.9974365234375], [69.93336486816406, 1807.0401611328125]]"
27,0.9008083601286174,1,found,1456,114,1329,0.5955181121826172,280.41417399799684,"[[80.9682846069336, 100.9092788696289], [1029.4166259765625, 104.4537582397461], [1032.10107421875, 1798.469482421875], [75.26351928710938, 1798.4324951171875]]"
28,0.9341716327259736,1,found,1438,117,1341,0.6832132935523987,271.398908997071,"[[84.89291381835938, 100.64028930664062], [1028.137451171875, 106.0171890258789], [1028.4627685546875, 1786.3489990234375], [80.34503173828125, 1787.692138671875]]"
29,0.9675349053233299,1,found,1422,156,1364,0.6887146234512329,252.71720099408412,"[[91.43800354003906, 104.2375717163086], [1025.3023681640625, 109.38043975830078], [1027.3907470703125, 1776.849609375], [86.16493225097656, 1777.230224609375]]"
30,1.000898177920686,1,found,1401,163,1357,0.6928721070289612,255.4324149969034,"[[98.54913330078125, 108.24836730957031], [1025.1463623046875, 110.85611724853516], [1026.3377685546875, 1766.3382568359375], [92.5444564819336, 1766.3045654296875]]"
31,1.0342614505180423,1,found,1457,125,1356,0.72636878490448,258.79938100115396,"[[104.77008819580078, 112.2931137084961], [1024.031982421875, 114.78166198730469], [1025.33935546875, 1757.27587890625], [98.04267120361328, 1757.193115234375]]"
32,1.0676247231153984,1,found,1432,125,1240,0.618310809135437,254.34500200208277,"[[112.84471130371094, 122.22097778320312], [1019.0341186523438, 125.48851013183594], [1023.6748046875, 1749.5885009765625], [101.82099914550781, 1749.5692138671875]]"
33,1.1009879957127546,1,found,1416,109,1230,0.6341521739959717,255.23229900136357,"[[117.93893432617188, 127.59779357910156], [1014.7029418945312, 132.92138671875], [1020.8878173828125, 1741.2039794921875], [105.98529052734375, 1742.2635498046875]]"
34,1.134351268310111,1,found,1425,136,1269,0.6265426874160767,258.8578590002726,"[[123.5701904296875, 135.5709228515625], [1011.0842895507812, 139.11053466796875], [1017.186767578125, 1732.6783447265625], [110.95935821533203, 1732.632568359375]]"
35,1.167714540907467,1,found,1444,117,1307,0.6806527376174927,293.39382099715294,"[[129.15231323242188, 142.0807647705078], [1008.5098266601562, 143.98788452148438], [1012.1785888671875, 1722.211669921875], [116.80049133300781, 1721.3011474609375]]"
36,1.2010778135048232,1,found,1436,120,1355,0.7799574732780457,263.78164700145135,"[[133.2012481689453, 147.3257293701172], [1004.4978637695312, 150.76632690429688], [1007.6485595703125, 1711.361328125], [122.11270904541016, 1711.0013427734375]]"
37,1.2344410861021795,1,found,1408,130,1233,0.619461715221405,258.2859260000987,"[[141.9166259765625, 163.87210083007812], [993.9321899414062, 167.67430114746094], [1002.7430419921875, 1702.7808837890625], [124.97013092041016, 1702.87353515625]]"
38,1.2678043586995356,1,found,1399,125,1322,0.8332788944244385,293.0195160006406,"[[143.02418518066406, 165.1903076171875], [992.133056640625, 167.43206787109375], [996.720703125, 1692.359375], [130.20965576171875, 1692.152587890625]]"
39,1.3011676312968918,1,found,1365,120,1255,0.8223065733909607,277.18317799735814,"[[147.6077423095703, 175.4756317138672], [983.84228515625, 178.6625518798828], [990.2048950195312, 1683.35693359375], [133.62376403808594, 1682.810546875]]"
40,1.334530903894248,1,found,1342,153,1222,0.7626853585243225,272.6173810006003,"[[154.2325897216797, 188.0421600341797], [977.3182983398438, 189.5902557373047], [983.9270629882812, 1674.2161865234375], [137.4701690673828, 1672.1976318359375]]"
41,1.3678941764916042,1,found,1356,126,1267,0.8387345671653748,284.2341489958926,"[[156.74681091308594, 193.00831604003906], [970.780029296875, 198.66860961914062], [976.702880859375, 1662.3033447265625], [141.48422241210938, 1662.5767822265625]]"
42,1.4012574490889604,1,found,1318,130,1216,0.9049590826034546,286.1731709999731,"[[161.41567993164062, 201.3125762939453], [963.8927001953125, 209.40330505371094], [968.4949340820312, 1648.8746337890625], [145.4995574951172, 1652.1348876953125]]"
43,1.4346207216863167,1,found,1310,109,1094,0.6216723918914795,253.57373500446556,"[[172.13424682617188, 221.28182983398438], [953.2822875976562, 226.67820739746094], [966.0181884765625, 1643.2041015625], [148.20782470703125, 1643.0997314453125]]"
44,1.4679839942836728,1,found,1227,173,1208,0.9320614337921143,253.8560859975405,"[[173.09939575195312, 219.4060516357422], [953.4773559570312, 224.23358154296875], [958.8571166992188, 1629.6737060546875], [155.96836853027344, 1629.7008056640625]]"
45,1.501347266881029,1,found,1273,128,1117,0.7452152371406555,262.9144320017076,"[[180.6652069091797, 233.30804443359375], [945.7206420898438, 236.42709350585938], [954.3619995117188, 1619.9246826171875], [158.8850555419922, 1620.4761962890625]]"
46,1.5347105394783853,1,found,1200,140,1109,0.8544853329658508,282.7290310015087,"[[182.60231018066406, 236.1328887939453], [938.741455078125, 246.0941925048828], [946.799072265625, 1608.0260009765625], [164.13063049316406, 1610.515869140625]]"
47,1.5680738120757414,1,found,1210,131,1120,0.801017165184021,256.7624319999595,"[[188.315673828125, 245.95803833007812], [931.6360473632812, 256.620361328125], [941.3592529296875, 1598.4591064453125], [167.92428588867188, 1599.9658203125]]"
48,1.6014370846730976,1,found,1209,136,1084,0.7656993865966797,263.99058300012257,"[[193.84605407714844, 256.4606628417969], [925.5397338867188, 264.2106018066406], [936.63671875, 1589.0897216796875], [171.72959899902344, 1590.184326171875]]"
49,1.634800357270454,1,found,1231,127,1116,0.8021485209465027,256.1632840006496,"[[197.51329040527344, 261.6004638671875], [922.5620727539062, 267.0718078613281], [931.65185546875, 1579.5550537109375], [174.6537322998047, 1579.696533203125]]"
50,1.66816362986781,1,found,1234,143,1159,0.8952449560165405,298.788850006531,"[[197.9457550048828, 260.58001708984375], [916.8219604492188, 271.9500732421875], [925.0447998046875, 1567.9442138671875], [176.8780517578125, 1571.7508544921875]]"
51,1.7015269024651662,1,found,1257,130,1127,0.801355242729187,257.50782000250183,"[[205.1194610595703, 267.2824401855469], [914.9609375, 275.4771423339844], [922.5760498046875, 1562.6285400390625], [179.94557189941406, 1563.2896728515625]]"
52,1.7348901750625225,1,found,1252,127,1083,0.6761912703514099,278.5884309996618,"[[210.05905151367188, 278.0461730957031], [908.734130859375, 284.72991943359375], [921.039306640625, 1555.32568359375], [182.26007080078125, 1555.60888671875]]"
53,1.7682534476598786,1,found,1262,129,1104,0.724698543548584,295.43604000355117,"[[212.5211181640625, 279.3133850097656], [905.6174926757812, 287.03436279296875], [918.00048828125, 1547.172607421875], [185.24581909179688, 1547.3681640625]]"
54,1.8016167202572348,1,found,1268,136,1178,0.990982174873352,286.2832359969616,"[[213.54147338867188, 274.8181457519531], [906.4586181640625, 283.6988220214844], [914.8147583007812, 1537.6588134765625], [189.8816680908203, 1539.0574951171875]]"
55,1.8349799928545911,1,found,1259,133,1153,0.9738130569458008,275.23584099981235,"[[217.847412109375, 277.15179443359375], [904.4181518554688, 286.9532470703125], [913.6716918945312, 1530.864990234375], [193.48561096191406, 1531.489501953125]]"
56,1.8683432654519472,1,found,1238,137,1120,0.9413843154907227,270.53678399533965,"[[223.31326293945312, 278.62701416015625], [903.4512939453125, 290.59698486328125], [913.9942626953125, 1523.8848876953125], [198.12490844726562, 1524.439208984375]]"
57,1.9017065380493035,1,found,1165,141,983,0.7218829393386841,263.535445999878,"[[235.28192138671875, 295.30859375], [898.0011596679688, 305.2146911621094], [914.4321899414062, 1517.26416015625], [201.5500030517578, 1518.8082275390625]]"
58,1.9350698106466597,1,found,1075,176,965,0.8147253394126892,261.29827599652344,"[[238.22299194335938, 290.3302001953125], [901.5635375976562, 301.3456115722656], [913.820068359375, 1507.0614013671875], [208.24961853027344, 1509.772705078125]]"
59,1.9684330832440158,1,found,1100,139,906,0.708514928817749,271.2493469953188,"[[247.5018768310547, 300.1410217285156], [899.6067504882812, 308.3326416015625], [915.867919921875, 1502.533447265625], [212.5745086669922, 1502.8753662109375]]"
60,2.001796355841372,1,found,1086,178,994,0.8827947378158569,282.2337050019996,"[[247.38316345214844, 292.7853088378906], [901.7473754882812, 302.93304443359375], [914.2828369140625, 1494.050537109375], [217.80731201171875, 1495.0543212890625]]"
61,2.0351596284387283,1,found,1105,159,989,1.0272533893585205,262.9649349983083,"[[251.13563537597656, 289.417236328125], [903.9303588867188, 303.9535827636719], [912.8920288085938, 1483.9884033203125], [223.20086669921875, 1488.8167724609375]]"
62,2.0685229010360846,1,found,1097,156,1001,1.1148724555969238,262.7427789993817,"[[256.2393798828125, 291.066650390625], [909.4985961914062, 293.50360107421875], [917.083984375, 1482.3751220703125], [232.5359344482422, 1478.118896484375]]"
63,2.1018861736334404,1,found,1054,152,923,0.7984415888786316,258.3649610023713,"[[265.2969970703125, 301.85302734375], [905.1319580078125, 308.7940979003906], [918.8170166015625, 1477.42138671875], [232.08358764648438, 1476.23388671875]]"
64,2.1352494462307967,1,found,1086,132,938,0.9274102449417114,263.6144770003739,"[[265.86395263671875, 298.7728271484375], [903.6375122070312, 310.7585144042969], [916.1669311523438, 1469.6424560546875], [234.55271911621094, 1471.1917724609375]]"
65,2.168612718828153,1,found,1051,148,933,0.9315367341041565,271.9879369979026,"[[269.3651428222656, 302.42401123046875], [905.2608642578125, 307.9715881347656], [915.900634765625, 1466.737548828125], [236.97195434570312, 1464.7099609375]]"
66,2.2019759914255093,1,found,1059,137,905,0.7942755222320557,263.32559900038177,"[[272.965087890625, 306.7757873535156], [900.5726318359375, 316.0521240234375], [914.7238159179688, 1461.7822265625], [239.13851928710938, 1460.70751953125]]"
67,2.2353392640228655,1,found,1083,142,1016,1.1476529836654663,263.952289998997,"[[271.6885986328125, 300.7336730957031], [904.4884033203125, 307.9007263183594], [911.6473999023438, 1456.138427734375], [241.79638671875, 1454.070556640625]]"
68,2.268702536620222,1,found,1134,118,965,0.8717239499092102,261.95068200468086,"[[275.80908203125, 308.6849060058594], [898.847900390625, 316.2434387207031], [909.9027099609375, 1452.5037841796875], [241.07699584960938, 1450.528076171875]]"
69,2.3020658092175776,1,found,1131,122,1015,1.0277526378631592,264.65599500079406,"[[274.5796813964844, 303.55633544921875], [896.694091796875, 318.0569763183594], [905.8106689453125, 1444.872802734375], [242.5955810546875, 1445.8265380859375]]"
70,2.335429081814934,1,found,1113,126,869,0.7767519354820251,265.7268960028887,"[[274.7808837890625, 303.3518371582031], [900.9426879882812, 310.09893798828125], [900.1253051757812, 1435.2528076171875], [247.89259338378906, 1432.6187744140625]]"
71,2.36879235441229,1,found,1097,119,999,1.1108492612838745,263.6122760013677,"[[279.87445068359375, 310.26983642578125], [896.5669555664062, 314.82965087890625], [902.1912231445312, 1436.5421142578125], [247.14633178710938, 1431.08837890625]]"
72,2.4021556270096465,1,found,1115,126,1044,1.2052669525146484,263.423201002297,"[[281.20477294921875, 310.5908508300781], [894.3455810546875, 316.9010925292969], [898.8150024414062, 1429.2725830078125], [249.28892517089844, 1424.987060546875]]"
73,2.4355188996070027,1,found,1055,148,919,0.7937635183334351,262.5389420063584,"[[288.0545349121094, 322.7449645996094], [885.6444702148438, 332.640380859375], [897.4319458007812, 1424.6676025390625], [249.7168731689453, 1421.91748046875]]"
74,2.468882172204359,1,found,1073,137,959,0.9223047494888306,266.29333599703386,"[[290.783203125, 324.1117858886719], [886.2293701171875, 331.7837829589844], [894.4295043945312, 1417.798095703125], [253.31907653808594, 1414.197998046875]]"
75,2.502245444801715,1,found,1104,120,964,0.8886137008666992,264.9227069996414,"[[298.3595275878906, 330.29864501953125], [885.336181640625, 336.6689147949219], [892.4237670898438, 1411.857421875], [257.2186584472656, 1407.298095703125]]"
76,2.535608717399071,1,found,920,202,868,0.8447719216346741,266.3336919940775,"[[302.67333984375, 335.69805908203125], [880.65625, 347.49664306640625], [891.0812377929688, 1403.2132568359375], [263.2198791503906, 1400.683349609375]]"
77,2.5689719899964274,1,found,936,180,850,0.8361409902572632,260.59926000016276,"[[309.26190185546875, 340.47869873046875], [881.8399658203125, 349.1417236328125], [891.8630981445312, 1396.586669921875], [269.1912841796875, 1392.130615234375]]"
78,2.6023352625937837,1,found,870,164,805,1.0958974361419678,267.8228750010021,"[[311.495849609375, 333.140380859375], [883.2380981445312, 348.2875061035156], [888.5516357421875, 1386.7425537109375], [276.3690490722656, 1383.7874755859375]]"
79,2.63569853519114,1,found,919,148,841,1.123388648033142,263.71458700305084,"[[316.6907653808594, 339.4056701660156], [886.2813110351562, 342.6706848144531], [890.248046875, 1382.0989990234375], [283.9486389160156, 1374.47265625]]"
80,2.669061807788496,1,found,812,182,819,1.1806224584579468,262.1155630040448,"[[319.6690368652344, 341.517822265625], [884.2723999023438, 350.7958068847656], [888.2410888671875, 1376.080810546875], [284.14276123046875, 1371.323974609375]]"
81,2.702425080385852,1,found,851,142,746,0.8831769227981567,265.0912030003383,"[[326.63360595703125, 353.1982116699219], [882.412353515625, 357.6333312988281], [888.1734008789062, 1373.3177490234375], [287.52386474609375, 1364.638916015625]]"
82,2.7357883529832083,1,found,787,170,799,1.1918727159500122,265.4068539995933,"[[326.76934814453125, 349.51885986328125], [882.8890991210938, 355.31060791015625], [885.6552734375, 1367.8096923828125], [291.6687927246094, 1360.8232421875]]"
83,2.7691516255805646,1,found,793,154,719,0.9670354723930359,264.0961850047461,"[[331.5082092285156, 357.47540283203125], [877.9166870117188, 368.8452453613281], [883.8412475585938, 1362.7314453125], [291.9286193847656, 1358.6611328125]]"
84,2.802514898177921,1,found,808,151,709,0.7951404452323914,266.5579040040029,"[[336.48504638671875, 365.7282409667969], [873.4102172851562, 378.2138977050781], [882.9072265625, 1358.8123779296875], [294.1662902832031, 1354.6236572265625]]"
85,2.835878170775277,1,found,806,161,757,0.8989096283912659,262.8523809980834,"[[338.7657165527344, 366.60003662109375], [873.9228515625, 378.620361328125], [881.3826293945312, 1354.1962890625], [297.5567932128906, 1349.2720947265625]]"
86,2.8692414433726334,1,found,873,131,765,0.8490880727767944,265.5806350012426,"[[342.8749694824219, 370.2288818359375], [874.5709228515625, 380.4581298828125], [880.705810546875, 1350.3275146484375], [301.1278381347656, 1344.0682373046875]]"
87,2.9026047159699893,1,found,850,167,836,1.1051228046417236,272.54207499936456,"[[343.0106201171875, 367.03143310546875], [874.2845458984375, 382.3993835449219], [875.5112915039062, 1341.389892578125], [304.1896057128906, 1340.0020751953125]]"
88,2.9359679885673455,1,found,843,144,837,1.1466288566589355,264.2080959994928,"[[346.7724914550781, 373.007568359375], [875.0507202148438, 380.2881164550781], [877.0028076171875, 1341.2659912109375], [307.9814453125, 1335.1644287109375]]"
89,2.969331261164702,1,found,891,136,789,0.8357445597648621,265.07745099661406,"[[351.7488098144531, 382.8848571777344], [870.1256103515625, 392.8232421875], [876.4179077148438, 1338.893310546875], [309.0115051269531, 1332.087158203125]]"
90,3.002694533762058,1,found,864,159,793,0.8195756077766418,265.68456499808235,"[[353.9560546875, 386.30859375], [868.8694458007812, 396.68743896484375], [874.0299682617188, 1335.0596923828125], [310.6005859375, 1328.23193359375]]"
91,3.0360578063594144,1,found,889,133,795,0.8475462794303894,262.62232300359756,"[[355.2596130371094, 387.4186706542969], [865.4640502929688, 401.840087890625], [870.236572265625, 1329.4613037109375], [312.5787048339844, 1325.0030517578125]]"
92,3.0694210789567706,1,found,896,149,782,0.6716206073760986,267.21784000255866,"[[360.6407470703125, 397.76458740234375], [862.4228515625, 408.22802734375], [870.8211669921875, 1327.54443359375], [314.2610168457031, 1321.1307373046875]]"
93,3.1027843515541265,1,found,961,139,940,1.039015293121338,262.5751129962737,"[[359.4158935546875, 390.6873474121094], [867.57861328125, 397.7521667480469], [868.2182006835938, 1322.4923095703125], [320.4743957519531, 1313.691162109375]]"
94,3.1361476241514827,1,found,960,128,822,0.7252845168113708,267.98817999952007,"[[366.7795715332031, 403.3426208496094], [863.9353637695312, 412.1664733886719], [869.498046875, 1320.6588134765625], [320.0981140136719, 1312.9161376953125]]"
95,3.169510896748839,1,found,998,134,885,0.7833498120307922,269.7140649979701,"[[366.5509338378906, 402.5400695800781], [862.8342895507812, 413.67742919921875], [865.5242919921875, 1315.3204345703125], [321.3512268066406, 1308.9871826171875]]"
96,3.2028741693461953,1,found,801,229,746,0.7600249648094177,280.51827300078,"[[366.16448974609375, 398.4679870605469], [866.571533203125, 410.681640625], [860.1923217773438, 1306.7156982421875], [327.6856994628906, 1300.3692626953125]]"
97,3.2362374419435516,1,found,706,201,701,0.8377986550331116,296.47726099938154,"[[369.47662353515625, 401.49713134765625], [866.1243896484375, 413.8138427734375], [859.4719848632812, 1303.07177734375], [329.87969970703125, 1297.5452880859375]]"
98,3.269600714540908,1,found,733,182,659,0.6941521167755127,265.2148199995281,"[[376.63214111328125, 417.15386962890625], [856.414306640625, 429.65655517578125], [863.5667724609375, 1306.847900390625], [328.5408630371094, 1298.95849609375]]"
99,3.3029639871382637,1,found,735,170,725,0.8416019678115845,301.8730429976131,"[[376.6325988769531, 415.4248046875], [859.52880859375, 424.2392578125], [860.5984497070312, 1302.5601806640625], [330.1019287109375, 1292.52685546875]]"
100,3.33632725973562,1,found,668,199,715,1.0051138401031494,289.13484400254674,"[[376.5799255371094, 413.7038879394531], [857.3108520507812, 425.896484375], [856.7117919921875, 1297.4747314453125], [331.1083984375, 1288.7091064453125]]"
101,3.369690532332976,1,found,676,176,721,1.0774797201156616,273.7375249998877,"[[376.865478515625, 414.88079833984375], [856.1624755859375, 426.98162841796875], [853.3945922851562, 1292.575927734375], [332.42431640625, 1284.1279296875]]"
102,3.4030538049303325,1,found,685,173,683,0.9380213022232056,285.37539999524597,"[[379.6039733886719, 420.58502197265625], [852.236572265625, 433.6896667480469], [851.756103515625, 1289.1881103515625], [333.5461730957031, 1280.662109375]]"
103,3.4364170775276888,1,found,658,165,645,0.9459920525550842,284.8385760007659,"[[380.1568603515625, 422.6168518066406], [854.7890625, 428.9156494140625], [848.5277099609375, 1285.666015625], [338.2887268066406, 1271.302001953125]]"
104,3.469780350125045,1,found,690,175,718,1.0177085399627686,265.3793499994208,"[[382.269775390625, 425.74267578125], [849.3009643554688, 438.58587646484375], [845.9217529296875, 1282.1785888671875], [336.47998046875, 1272.5712890625]]"
105,3.503143622722401,1,found,696,162,703,0.9646371006965637,268.8107219946687,"[[383.8636169433594, 429.7881164550781], [847.649169921875, 442.5479736328125], [842.4552612304688, 1277.7454833984375], [337.6477966308594, 1268.435302734375]]"
106,3.536506895319757,1,found,678,171,720,1.0408542156219482,285.95664199383464,"[[387.4825744628906, 434.0881652832031], [846.8189086914062, 447.8697814941406], [842.166015625, 1275.791259765625], [340.1999816894531, 1265.90576171875]]"
107,3.5698701679171134,1,found,736,148,738,0.9384101629257202,283.2650010022917,"[[390.4404602050781, 439.4071044921875], [847.4691772460938, 450.2261962890625], [840.451904296875, 1272.531494140625], [344.3606872558594, 1260.746826171875]]"
108,3.6032334405144697,1,found,752,153,741,0.9133654236793518,263.1883270005346,"[[393.30389404296875, 443.7818298339844], [846.3346557617188, 457.2419738769531], [838.390869140625, 1268.5548095703125], [346.22918701171875, 1259.3448486328125]]"
109,3.636596713111826,1,found,747,163,677,0.8134804368019104,274.675661996298,"[[396.0605773925781, 450.51629638671875], [847.6036376953125, 459.1579284667969], [837.7648315429688, 1268.9271240234375], [351.61962890625, 1253.169677734375]]"
110,3.6699599857091822,1,found,727,150,671,0.7411783933639526,273.67661600146675,"[[400.93157958984375, 460.7830810546875], [839.212646484375, 476.3255310058594], [837.30224609375, 1268.6370849609375], [349.4511413574219, 1258.750244140625]]"
111,3.703323258306538,1,found,727,158,734,0.8550941944122314,284.9822919961298,"[[403.4424133300781, 464.9596862792969], [840.724609375, 478.6947937011719], [835.9790649414062, 1267.456298828125], [352.57916259765625, 1256.7886962890625]]"
112,3.7366865309038944,1,found,765,132,698,0.7237844467163086,275.8610180026153,"[[406.6597595214844, 476.0745544433594], [836.5306396484375, 489.07861328125], [834.4730224609375, 1268.178955078125], [353.18743896484375, 1256.1124267578125]]"
113,3.7700498035012506,1,found,750,142,660,0.6734174489974976,268.1245179992402,"[[411.1583251953125, 487.9271240234375], [832.168701171875, 501.0355529785156], [832.8111572265625, 1267.82861328125], [354.6628723144531, 1256.04736328125]]"
114,3.803413076098607,1,found,775,148,781,0.9128464460372925,267.03827399614966,"[[411.5620422363281, 484.8035583496094], [837.900634765625, 498.8811950683594], [829.1844482421875, 1263.7540283203125], [360.1837158203125, 1253.32080078125]]"
115,3.836776348695963,1,found,794,149,796,0.9131212830543518,268.9104210003279,"[[415.6885986328125, 492.7613220214844], [836.0294189453125, 509.6473083496094], [829.800537109375, 1265.150634765625], [363.1559753417969, 1253.9444580078125]]"
116,3.8701396212933195,1,found,809,138,773,0.7580903172492981,270.7649380026851,"[[418.7099304199219, 501.95831298828125], [837.5405883789062, 513.2232666015625], [828.1990966796875, 1265.8350830078125], [368.9554748535156, 1249.405029296875]]"
117,3.9035028938906753,1,found,792,136,789,0.8742876052856445,262.5894419979886,"[[421.5215759277344, 510.0098876953125], [834.9561157226562, 523.5277099609375], [825.940673828125, 1265.2574462890625], [369.1592102050781, 1252.5048828125]]"
118,3.9368661664880316,1,found,789,141,743,0.6888009905815125,268.4938449965557,"[[425.517822265625, 522.0950927734375], [828.6088256835938, 537.5826416015625], [825.159423828125, 1266.980712890625], [369.9571228027344, 1254.2388916015625]]"
119,3.970229439085388,1,found,700,200,758,0.8617281913757324,266.71717499993974,"[[426.2984924316406, 526.3814697265625], [828.36474609375, 543.2470092773438], [821.8113403320312, 1266.4208984375], [372.2585144042969, 1253.1126708984375]]"
120,4.003592711682744,1,found,674,193,737,0.832550585269928,273.22794800420525,"[[427.7991638183594, 534.8728637695312], [823.9910278320312, 552.0771484375], [817.7985229492188, 1265.486572265625], [373.3995361328125, 1252.81494140625]]"
121,4.0369559842801,1,found,658,187,699,0.7816344499588013,272.56858100008685,"[[430.3693542480469, 545.3509521484375], [823.2869873046875, 556.4662475585938], [815.45361328125, 1266.71728515625], [376.2897033691406, 1248.82861328125]]"
122,4.070319256877457,1,found,626,209,656,0.6453059911727905,290.4240059942822,"[[433.0889587402344, 554.723876953125], [817.8583374023438, 567.6595458984375], [812.4512329101562, 1264.6591796875], [375.0377197265625, 1250.0386962890625]]"
123,4.1036825294748125,1,found,627,201,694,0.8464471697807312,269.5122920049471,"[[432.1838073730469, 554.5192260742188], [817.7703857421875, 568.9065551757812], [808.4559936523438, 1261.249267578125], [377.50701904296875, 1247.01318359375]]"
124,4.137045802072169,1,found,582,209,671,0.8017236590385437,273.5809239966329,"[[432.6914367675781, 559.1573486328125], [815.2514038085938, 573.4130249023438], [805.260986328125, 1259.788818359375], [378.4433898925781, 1244.3370361328125]]"
125,4.170409074669525,1,found,612,174,647,0.7992770671844482,272.20862900139764,"[[434.4989318847656, 566.2155151367188], [812.4796142578125, 577.13818359375], [803.7890014648438, 1258.47900390625], [378.92266845703125, 1243.5623779296875]]"
126,4.203772347266881,1,found,588,189,637,0.7665534615516663,287.3410780011909,"[[434.52435302734375, 570.9259643554688], [807.2890625, 584.1386108398438], [799.6888427734375, 1256.0255126953125], [379.08673095703125, 1241.53857421875]]"
127,4.237135619864238,1,found,640,187,698,0.8262117505073547,277.7063739995356,"[[433.2919616699219, 573.2265014648438], [805.7703247070312, 587.3839721679688], [794.95849609375, 1253.3369140625], [377.90594482421875, 1238.53076171875]]"
128,4.270498892461593,1,found,580,192,647,0.8061973452568054,268.82939499773784,"[[432.92138671875, 577.3944702148438], [802.0775756835938, 592.0689697265625], [790.8477172851562, 1251.33935546875], [377.0945129394531, 1236.5323486328125]]"
129,4.30386216505895,1,found,540,199,593,0.6053417325019836,268.85851000406547,"[[434.6905517578125, 585.2814331054688], [796.2470092773438, 600.3505859375], [787.5158081054688, 1249.6983642578125], [375.1011657714844, 1235.0821533203125]]"
130,4.337225437656306,1,found,564,193,628,0.6411169767379761,272.74952799780294,"[[433.3227233886719, 586.6563720703125], [792.8154907226562, 602.3698120117188], [783.377197265625, 1245.3155517578125], [374.97515869140625, 1230.9981689453125]]"
131,4.370588710253663,1,found,616,176,666,0.7584042549133301,267.20656299585244,"[[434.4866027832031, 587.6643676757812], [790.9403686523438, 604.931640625], [779.8137817382812, 1240.3671875], [375.8294677734375, 1226.8900146484375]]"
132,4.4039519828510185,1,found,573,189,641,0.6864569187164307,273.0320600021514,"[[435.0534973144531, 590.2929077148438], [788.595458984375, 607.7086791992188], [777.6882934570312, 1235.611572265625], [377.17755126953125, 1222.2176513671875]]"
133,4.437315255448374,1,found,556,194,650,0.724475085735321,265.4873809951823,"[[436.89862060546875, 592.6392822265625], [788.0725708007812, 609.2545166015625], [776.0713500976562, 1231.34033203125], [379.404052734375, 1217.37744140625]]"
134,4.470678528045731,1,found,590,186,644,0.7046775817871094,273.0521690027672,"[[438.4791564941406, 596.2413330078125], [785.713134765625, 611.9141845703125], [773.5298461914062, 1226.5809326171875], [380.532470703125, 1212.069580078125]]"
135,4.504041800643087,1,found,607,196,668,0.750341534614563,289.5636480025132,"[[438.43402099609375, 597.2720336914062], [783.1428833007812, 613.7942504882812], [769.39111328125, 1220.2431640625], [381.1697082519531, 1207.061279296875]]"
136,4.537405073240444,1,found,599,186,655,0.7295221090316772,288.74643000017386,"[[439.2342529296875, 600.678955078125], [780.186767578125, 616.8426513671875], [766.6177368164062, 1216.455322265625], [381.3598937988281, 1202.7171630859375]]"
137,4.5707683458377995,1,found,525,236,651,0.7226758003234863,267.78337200084934,"[[441.5273132324219, 604.42041015625], [778.4445190429688, 621.524169921875], [764.7955322265625, 1213.245361328125], [383.6514892578125, 1199.840576171875]]"
138,4.604131618435155,1,found,548,214,646,0.68440181016922,291.30309999891324,"[[444.9147644042969, 609.5623779296875], [778.6265869140625, 625.0162963867188], [764.2330322265625, 1211.083740234375], [387.3025817871094, 1195.9063720703125]]"
139,4.637494891032512,1,found,569,201,635,0.6469883322715759,283.3247700036736,"[[448.1683349609375, 615.1265258789062], [777.2554321289062, 631.849365234375], [763.78857421875, 1208.8934326171875], [389.6717529296875, 1195.13232421875]]"
140,4.670858163629868,1,found,519,203,615,0.6320792436599731,268.71638300508494,"[[452.9443359375, 621.5540771484375], [778.3507080078125, 637.7103271484375], [765.0964965820312, 1208.4093017578125], [394.39654541015625, 1194.1754150390625]]"
141,4.7042214362272246,1,found,530,208,618,0.6958301067352295,283.62118500081124,"[[456.6542053222656, 626.9197387695312], [780.1541748046875, 642.6503295898438], [765.2001342773438, 1206.759033203125], [399.09222412109375, 1192.235595703125]]"
142,4.73758470882458,1,found,512,208,609,0.6952983140945435,291.0672420039191,"[[461.255615234375, 633.4326171875], [780.8109130859375, 648.9529418945312], [766.8209228515625, 1207.02783203125], [403.4926452636719, 1191.736572265625]]"
143,4.770947981421937,1,found,493,212,603,0.6581555604934692,271.0159289999865,"[[465.9952087402344, 638.8616943359375], [782.906005859375, 653.9008178710938], [767.8518676757812, 1205.656494140625], [408.2613525390625, 1190.47265625]]"
144,4.804311254019293,1,found,463,221,583,0.7153075337409973,278.35202899586875,"[[469.081787109375, 644.7108154296875], [783.0531616210938, 659.606201171875], [768.1221923828125, 1205.5233154296875], [411.2900695800781, 1190.368408203125]]"
145,4.837674526616649,1,found,473,200,577,0.6670886278152466,288.58763999596704,"[[471.3462829589844, 651.837158203125], [782.0656127929688, 666.053466796875], [767.4794311523438, 1206.763427734375], [413.2048034667969, 1190.443603515625]]"
146,4.8710377992140055,1,found,512,192,583,0.5720701217651367,271.42150600411696,"[[473.2829895019531, 659.5586547851562], [777.793212890625, 676.0862426757812], [766.2681274414062, 1207.145751953125], [413.92596435546875, 1191.8580322265625]]"
147,4.904401071811361,1,found,496,206,607,0.6555711627006531,269.4834029971389,"[[473.1876525878906, 663.620361328125], [779.560546875, 677.929443359375], [763.3387451171875, 1207.1923828125], [416.3605041503906, 1189.195556640625]]"
148,4.937764344408718,1,found,511,233,646,0.6382856369018555,271.0306169974501,"[[474.94769287109375, 669.8247680664062], [777.1126098632812, 684.845458984375], [761.0423583984375, 1207.4478759765625], [416.2643737792969, 1190.9058837890625]]"
149,4.971127617006074,1,found,512,201,609,0.5896432399749756,282.1645959993475,"[[475.74664306640625, 677.362060546875], [772.4915161132812, 692.842529296875], [758.657470703125, 1207.345703125], [415.220458984375, 1191.04638671875]]"
150,5.00449088960343,1,found,513,219,631,0.5714370608329773,287.59299899684265,"[[475.1959228515625, 680.6384887695312], [771.9061279296875, 695.986083984375], [754.109130859375, 1205.3077392578125], [416.1603088378906, 1188.9097900390625]]"
151,5.037854162200786,1,found,445,243,595,0.6151406168937683,287.4777390024974,"[[476.8744812011719, 684.9918823242188], [770.145751953125, 701.8511962890625], [752.5466918945312, 1204.28076171875], [416.5115051269531, 1189.3719482421875]]"
152,5.071217434798142,1,found,442,221,572,0.6399124264717102,298.79022200475447,"[[479.4391174316406, 689.8927001953125], [768.6717529296875, 707.4871826171875], [751.716552734375, 1204.03466796875], [419.0005187988281, 1189.3134765625]]"
153,5.104580707395499,1,found,306,339,576,0.6955231428146362,269.6240619989112,"[[481.4178466796875, 695.4256591796875], [770.9295043945312, 709.2855224609375], [752.5277099609375, 1204.887451171875], [421.2125549316406, 1188.21484375]]"
154,5.137943979992855,1,found,305,317,525,0.6493133306503296,289.976480002224,"[[483.0544738769531, 703.0281372070312], [765.8036499023438, 720.1206665039062], [750.940673828125, 1205.292724609375], [420.8766784667969, 1189.4619140625]]"
155,5.171307252590211,1,found,440,255,600,0.6160321235656738,273.11051599826897,"[[485.7983703613281, 706.0223388671875], [769.8264770507812, 720.9507446289062], [751.1671142578125, 1205.2586669921875], [424.9079895019531, 1188.1829833984375]]"
156,5.204670525187567,1,found,385,275,579,0.6938908100128174,270.7703619962558,"[[489.27349853515625, 710.5662231445312], [771.0633544921875, 726.116455078125], [751.4476318359375, 1204.395751953125], [428.4092712402344, 1187.3272705078125]]"
157,5.238033797784923,1,found,501,215,614,0.5965293049812317,267.4313519964926,"[[491.6922912597656, 715.0740356445312], [770.79541015625, 731.00146484375], [750.5288696289062, 1202.9378662109375], [431.2513427734375, 1185.945556640625]]"
158,5.27139707038228,1,found,453,230,576,0.5701252222061157,283.44450399890775,"[[495.7777099609375, 720.2275390625], [770.2262573242188, 738.4185791015625], [752.030029296875, 1202.413818359375], [434.2362976074219, 1186.82080078125]]"
159,5.304760342979636,1,found,485,209,598,0.5624397993087769,292.4438449990703,"[[500.1045227050781, 725.0772094726562], [772.22509765625, 743.0054321289062], [753.4798583984375, 1202.8380126953125], [439.1889953613281, 1186.2362060546875]]"
160,5.338123615576992,1,found,361,294,580,0.6623295545578003,266.69109700014815,"[[504.8437194824219, 730.0491333007812], [776.033935546875, 746.1856689453125], [755.8569946289062, 1203.2374267578125], [444.2496032714844, 1185.8453369140625]]"
161,5.371486888174348,1,found,501,217,625,0.5718976855278015,268.06635100365384,"[[508.1481628417969, 735.2600708007812], [776.7562255859375, 751.2333984375], [756.5924682617188, 1202.7257080078125], [447.4840393066406, 1185.287353515625]]"
162,5.404850160771704,1,found,505,219,614,0.5668201446533203,269.819536995783,"[[511.7352600097656, 739.4010009765625], [778.3341674804688, 755.14453125], [757.6973266601562, 1202.5382080078125], [451.083984375, 1184.896728515625]]"
163,5.438213433369061,1,found,455,231,594,0.5282456278800964,268.4289910030202,"[[514.9552612304688, 744.2451782226562], [779.0167236328125, 760.66650390625], [758.6572875976562, 1202.9395751953125], [454.00732421875, 1185.33056640625]]"
164,5.471576705966417,1,found,432,230,565,0.5144088864326477,269.0689150040271,"[[518.1771240234375, 748.15771484375], [780.4507446289062, 764.80517578125], [759.83447265625, 1202.916748046875], [457.1683044433594, 1185.1007080078125]]"
165,5.504939978563773,1,found,432,216,562,0.5117504000663757,266.64839099976234,"[[520.3865966796875, 752.4401245117188], [781.6361083984375, 768.3197631835938], [759.9141845703125, 1203.1329345703125], [459.9126281738281, 1184.6353759765625]]"
166,5.538303251161129,1,found,503,183,583,0.49136191606521606,268.41775800130563,"[[523.5955200195312, 757.6741333007812], [782.149658203125, 774.2142944335938], [761.115966796875, 1204.56201171875], [462.20684814453125, 1186.560546875]]"
167,5.571666523758485,1,found,441,239,600,0.5208338499069214,266.8560579986661,"[[526.0935668945312, 761.8741455078125], [783.6326293945312, 777.8351440429688], [761.8372192382812, 1205.5357666015625], [464.9849548339844, 1186.7513427734375]]"
168,5.605029796355842,1,found,447,237,594,0.5140465497970581,275.0498570021591,"[[527.9734497070312, 766.208984375], [783.8169555664062, 782.1753540039062], [761.9088745117188, 1206.527587890625], [466.5008850097656, 1187.630615234375]]"
169,5.638393068953198,1,found,450,206,569,0.5064714550971985,288.3225359983044,"[[529.786865234375, 771.1937255859375], [784.0305786132812, 787.44775390625], [761.8848266601562, 1208.17919921875], [468.109375, 1189.47314453125]]"
170,5.671756341550554,1,found,403,249,575,0.5065498948097229,288.7552109968965,"[[532.1519165039062, 777.5880126953125], [784.7339477539062, 793.1289672851562], [762.4794921875, 1210.771728515625], [469.7907409667969, 1191.657470703125]]"
171,5.70511961414791,1,found,445,206,568,0.5655091404914856,270.0348330035922,"[[532.5218505859375, 782.8275146484375], [782.6344604492188, 800.2046508789062], [761.1566162109375, 1212.527587890625], [470.25689697265625, 1194.205078125]]"
172,5.738482886745267,1,found,501,188,588,0.5319198966026306,283.2913930033101,"[[532.789794921875, 788.22509765625], [781.7230834960938, 804.3529052734375], [759.4336547851562, 1214.4642333984375], [470.3576354980469, 1195.495849609375]]"
173,5.771846159342623,1,found,516,190,606,0.49788981676101685,287.7341200000956,"[[532.7896118164062, 793.1463012695312], [780.4508666992188, 808.4117431640625], [757.1151733398438, 1215.8341064453125], [470.0037841796875, 1196.6912841796875]]"
174,5.8052094319399785,1,found,491,187,584,0.5042117834091187,263.55464999505784,"[[531.612548828125, 797.066162109375], [778.8764038085938, 812.9931640625], [752.9891357421875, 1215.31494140625], [469.87249755859375, 1197.131591796875]]"
175,5.838572704537335,1,found,518,178,592,0.5084505081176758,271.59725400269963,"[[532.1044921875, 803.0908813476562], [776.2584838867188, 819.2886962890625], [752.1563110351562, 1218.7647705078125], [469.13128662109375, 1200.182861328125]]"
176,5.871935977134691,1,found,429,258,613,0.5401811003684998,277.3488759994507,"[[531.6726684570312, 809.2752075195312], [773.507080078125, 825.3963012695312], [749.4033813476562, 1221.1358642578125], [468.3214111328125, 1202.55712890625]]"
177,5.905299249732048,1,found,458,216,598,0.5644584894180298,267.88849999866216,"[[531.6519165039062, 814.9453125], [771.946044921875, 830.41015625], [747.20166015625, 1223.067626953125], [468.4327392578125, 1204.2548828125]]"
178,5.938662522329404,1,found,518,193,614,0.5250619649887085,270.69393699639477,"[[530.173828125, 821.227783203125], [768.4349975585938, 837.3453979492188], [743.2994995117188, 1225.70068359375], [466.5752258300781, 1207.3045654296875]]"
179,5.9720257949267594,1,found,285,348,570,0.6448066234588623,275.9955580040696,"[[527.6796875, 827.9596557617188], [763.8073120117188, 845.8328247070312], [737.937255859375, 1227.7530517578125], [464.0096740722656, 1210.5467529296875]]"
180,6.005389067524116,1,found,304,316,551,0.6254415512084961,280.3222709990223,"[[525.7452392578125, 835.447021484375], [758.9913940429688, 851.7514038085938], [733.5341796875, 1231.770751953125], [460.84344482421875, 1213.7578125]]"
181,6.038752340121472,1,found,340,291,565,0.5949497222900391,274.80031400045846,"[[522.1970825195312, 841.0618896484375], [752.9133911132812, 857.9246215820312], [726.7218017578125, 1233.751953125], [456.6742858886719, 1216.217041015625]]"
182,6.072115612718829,1,found,352,290,573,0.6048457622528076,285.25808400445385,"[[519.3744506835938, 847.3899536132812], [749.0471801757812, 863.0466918945312], [721.0831909179688, 1236.4954833984375], [453.6690979003906, 1218.60546875]]"
183,6.1054788853161845,1,found,393,244,573,0.5447477102279663,272.19293099915376,"[[515.9244995117188, 854.6820678710938], [743.2115478515625, 870.6348266601562], [714.5081787109375, 1239.8258056640625], [449.5704650878906, 1222.2083740234375]]"
184,6.138842157913541,1,found,311,300,557,0.6072254180908203,263.33584299572976,"[[512.5004272460938, 861.7598266601562], [736.8739013671875, 878.2931518554688], [708.0332641601562, 1243.0859375], [445.4893493652344, 1226.0238037109375]]"
185,6.172205430510897,1,found,300,296,538,0.635257363319397,267.42422599636484,"[[508.2394104003906, 868.8029174804688], [729.5156860351562, 885.6443481445312], [700.6558227539062, 1245.118408203125], [440.06341552734375, 1228.251220703125]]"
186,6.205568703108253,1,found,224,347,517,0.6824333667755127,269.8632160027046,"[[504.2279357910156, 873.8546142578125], [725.1256103515625, 889.5357666015625], [693.310791015625, 1246.69921875], [436.1422424316406, 1230.089599609375]]"
187,6.23893197570561,1,found,286,320,534,0.6651474237442017,265.63630100281443,"[[501.0483703613281, 880.2553100585938], [719.99072265625, 895.115234375], [687.4237670898438, 1248.8978271484375], [433.5250549316406, 1231.5064697265625]]"
188,6.2722952483029655,1,found,284,320,543,0.6919822096824646,264.05399599752855,"[[495.9223937988281, 885.2482299804688], [712.96435546875, 900.410400390625], [679.1265869140625, 1250.3572998046875], [427.5279541015625, 1233.8193359375]]"
189,6.305658520900322,1,found,206,356,519,0.6461067199707031,261.93174900254235,"[[491.42413330078125, 893.0872802734375], [706.4766235351562, 907.998779296875], [672.6290893554688, 1254.531005859375], [421.9620666503906, 1238.6573486328125]]"
190,6.339021793497678,1,found,226,346,518,0.6330332159996033,288.21930599951884,"[[487.10467529296875, 901.0545654296875], [700.2889404296875, 916.2306518554688], [665.5032958984375, 1259.3404541015625], [416.9877624511719, 1244.0008544921875]]"
191,6.372385066095034,1,found,273,302,522,0.5885542631149292,266.47745800437406,"[[482.9403991699219, 909.1282958984375], [694.1107177734375, 924.3524780273438], [659.3427124023438, 1264.539306640625], [412.4371337890625, 1249.2703857421875]]"
192,6.405748338692391,1,found,376,280,567,0.5471906065940857,265.72247599688126,"[[478.17242431640625, 917.1151123046875], [688.4171752929688, 931.76318359375], [652.7468872070312, 1270.02978515625], [407.6803283691406, 1254.829345703125]]"
193,6.439111611289746,1,found,413,237,565,0.5081559419631958,271.0446860000957,"[[473.9706726074219, 925.9866943359375], [682.6531982421875, 940.468994140625], [646.5193481445312, 1276.2579345703125], [403.1602478027344, 1261.385986328125]]"
194,6.472474883887103,1,found,206,366,515,0.6440529227256775,266.79706400318537,"[[469.65924072265625, 935.3287963867188], [675.7606811523438, 951.4776611328125], [640.1844482421875, 1283.7069091796875], [398.5890197753906, 1269.6396484375]]"
195,6.505838156484459,1,found,145,409,502,0.6745327711105347,254.05034400318982,"[[465.0168762207031, 945.1472778320312], [670.8029174804688, 960.0210571289062], [634.0859375, 1292.0484619140625], [394.1292419433594, 1277.2513427734375]]"
196,6.539201429081816,1,found,197,359,505,0.6387834548950195,260.0748280019616,"[[460.4887390136719, 956.116455078125], [664.3812866210938, 970.9545288085938], [628.0643310546875, 1299.79931640625], [389.45916748046875, 1285.8380126953125]]"
197,6.5725647016791715,1,found,229,343,511,0.6708325743675232,283.48160199675476,"[[454.9641418457031, 967.3273315429688], [657.1158447265625, 982.4050903320312], [620.9951171875, 1308.6572265625], [383.852783203125, 1295.09326171875]]"
198,6.605927974276527,1,found,328,293,552,0.5985239744186401,268.4393169984105,"[[450.10675048828125, 978.3987426757812], [651.5418701171875, 992.6034545898438], [614.1943969726562, 1317.68896484375], [378.8561706542969, 1304.55908203125]]"
199,6.639291246873884,1,found,355,260,537,0.5841873288154602,265.0092439944274,"[[444.931640625, 989.7258911132812], [645.9376831054688, 1003.1552124023438], [607.6676635742188, 1327.2647705078125], [374.5911560058594, 1313.79736328125]]"
200,6.67265451947124,1,found,305,279,523,0.5925700068473816,265.9361070036539,"[[440.18389892578125, 1000.7843017578125], [639.5744018554688, 1014.518310546875], [601.085693359375, 1336.6810302734375], [368.90911865234375, 1323.8450927734375]]"
201,6.706017792068597,1,found,197,375,507,0.7022266983985901,274.73492799617816,"[[434.0003356933594, 1012.1047973632812], [632.8978271484375, 1024.8966064453125], [593.745849609375, 1346.0479736328125], [363.07183837890625, 1332.8209228515625]]"
202,6.739381064665952,1,found,127,430,489,0.8252918720245361,250.66810099815484,"[[428.2279357910156, 1023.0842895507812], [624.3262329101562, 1038.0203857421875], [585.5342407226562, 1354.7159423828125], [356.3285827636719, 1342.975830078125]]"
203,6.772744337263308,1,found,93,442,467,1.0753036737442017,243.01236800238257,"[[422.4577941894531, 1035.5892333984375], [619.804931640625, 1045.636474609375], [578.4945678710938, 1364.4425048828125], [350.8208923339844, 1352.8653564453125]]"
204,6.806107609860665,1,found,110,416,467,0.9704921245574951,253.24851800542092,"[[415.6055908203125, 1046.479736328125], [609.3190307617188, 1060.6751708984375], [569.0079345703125, 1373.6219482421875], [342.7481994628906, 1362.5360107421875]]"
205,6.839470882458021,1,found,141,387,475,0.8683814406394958,265.9212899961858,"[[410.29473876953125, 1058.4620361328125], [604.1268920898438, 1070.5924072265625], [561.7080688476562, 1383.596923828125], [337.7518005371094, 1371.2978515625]]"
206,6.8728341550553775,1,found,138,389,476,0.8893163800239563,257.4387100030435,"[[404.3957214355469, 1067.8114013671875], [597.216796875, 1080.899169921875], [553.4246826171875, 1392.277587890625], [330.9446716308594, 1380.679931640625]]"
207,6.906197427652733,1,found,116,400,473,0.9549424648284912,259.37057199917035,"[[397.4418029785156, 1078.5047607421875], [589.1353759765625, 1090.881103515625], [544.8152465820312, 1402.045166015625], [323.6719665527344, 1389.29638671875]]"
208,6.93956070025009,1,found,164,370,482,0.92464280128479,271.0112059940002,"[[392.808349609375, 1089.9716796875], [582.9458618164062, 1101.0245361328125], [538.429443359375, 1410.237548828125], [318.56549072265625, 1397.59130859375]]"
209,6.972923972847446,1,found,341,279,555,0.7550029158592224,267.2119440030656,"[[388.23077392578125, 1097.8419189453125], [577.873046875, 1109.3126220703125], [532.5473022460938, 1416.3515625], [314.7626647949219, 1403.5474853515625]]"
210,7.006287245444802,1,found,383,255,560,0.5696984529495239,270.4555989985238,"[[385.0246276855469, 1106.02783203125], [572.7434692382812, 1116.9453125], [527.8983764648438, 1422.4290771484375], [310.4709777832031, 1410.9102783203125]]"
211,7.0396505180421585,1,found,394,221,536,0.5211525559425354,279.7605819941964,"[[382.1624450683594, 1111.0933837890625], [569.0635986328125, 1123.315673828125], [523.6527099609375, 1427.5257568359375], [307.16619873046875, 1416.4046630859375]]"
212,7.073013790639514,1,found,76,436,482,0.8656705617904663,269.6995760052232,"[[377.07086181640625, 1115.246826171875], [562.8308715820312, 1128.260986328125], [516.6441040039062, 1430.3250732421875], [300.7247619628906, 1421.4542236328125]]"
213,7.106377063236871,1,found,61,452,461,0.9729047417640686,235.71449000155553,"[[374.0982360839844, 1118.71875], [558.7139282226562, 1132.8458251953125], [512.7913818359375, 1434.0733642578125], [297.5434265136719, 1424.5435791015625]]"
214,7.139740335834227,1,found,118,404,454,0.9258921146392822,253.84786700305995,"[[368.9084167480469, 1122.6068115234375], [555.0288696289062, 1132.983642578125], [507.9440612792969, 1437.0045166015625], [295.046142578125, 1424.216064453125]]"
215,7.173103608431583,1,found,133,378,462,0.9407683610916138,258.47953600168694,"[[365.5430908203125, 1123.4788818359375], [550.0369873046875, 1135.42138671875], [502.4031677246094, 1437.824951171875], [289.34649658203125, 1427.22265625]]"
216,7.206466881028939,1,found,109,392,452,0.9609628915786743,261.0496630004491,"[[360.8770446777344, 1126.451416015625], [545.3016357421875, 1137.3377685546875], [497.47283935546875, 1438.37109375], [284.15740966796875, 1428.411376953125]]"
217,7.239830153626295,1,found,181,347,473,0.9406307935714722,262.53371799975866,"[[355.9176025390625, 1127.5460205078125], [539.2332763671875, 1139.771484375], [491.51708984375, 1439.93603515625], [278.34228515625, 1429.657470703125]]"
218,7.273193426223652,1,found,247,323,506,0.788525402545929,264.534782996634,"[[349.8498229980469, 1130.503173828125], [532.5437622070312, 1141.720458984375], [484.3570556640625, 1440.666748046875], [271.8206787109375, 1430.806884765625]]"
219,7.306556698821008,1,found,176,371,508,0.7363947033882141,263.7156689961557,"[[343.82684326171875, 1132.7744140625], [526.2876586914062, 1144.1248779296875], [476.9570617675781, 1441.6688232421875], [265.0124206542969, 1432.53515625]]"
220,7.3399199714183645,1,found,120,437,500,0.9533348083496094,278.4690150001552,"[[339.1258239746094, 1136.3997802734375], [520.2952270507812, 1147.1939697265625], [469.792236328125, 1443.8533935546875], [259.76611328125, 1433.4307861328125]]"
221,7.37328324401572,1,found,93,425,468,1.065993309020996,254.02582900278503,"[[335.067626953125, 1136.2801513671875], [516.206787109375, 1147.7362060546875], [463.94915771484375, 1442.041748046875], [255.32748413085938, 1434.4022216796875]]"
222,7.406646516613076,1,found,319,255,505,0.7287440896034241,264.5263939994038,"[[331.293701171875, 1137.1861572265625], [510.946044921875, 1148.0802001953125], [459.17694091796875, 1442.5455322265625], [251.8489227294922, 1432.215576171875]]"
223,7.440009789210433,1,found,361,237,522,0.6017825603485107,273.44948000245495,"[[328.9524230957031, 1139.3671875], [506.8726501464844, 1151.7305908203125], [456.81646728515625, 1443.3873291015625], [250.21359252929688, 1433.5850830078125]]"
224,7.473373061807789,1,found,391,226,543,0.5276066064834595,286.9479520013556,"[[328.0267639160156, 1142.1639404296875], [505.80303955078125, 1153.1578369140625], [454.7691345214844, 1445.9208984375], [249.10482788085938, 1435.44677734375]]"
225,7.506736334405145,1,found,381,238,544,0.48947328329086304,274.9057190012536,"[[326.41168212890625, 1144.9326171875], [504.0186767578125, 1156.259765625], [452.6549377441406, 1447.7481689453125], [248.1415557861328, 1437.9263916015625]]"
226,7.540099607002501,1,found,370,240,531,0.50285404920578,272.85483999730786,"[[324.4827575683594, 1147.858642578125], [501.52685546875, 1158.96826171875], [450.0565490722656, 1449.8697509765625], [246.60487365722656, 1439.6630859375]]"
227,7.573462879599857,1,found,370,241,526,0.4817444682121277,281.6585920008947,"[[321.5615539550781, 1151.5301513671875], [498.2259216308594, 1162.5447998046875], [446.6829833984375, 1453.7708740234375], [243.61302185058594, 1443.4971923828125]]"
228,7.606826152197214,1,found,355,228,518,0.4459785521030426,286.49974699510494,"[[318.92437744140625, 1156.1875], [495.1791687011719, 1167.4825439453125], [443.5913391113281, 1457.4847412109375], [241.2764434814453, 1448.149658203125]]"
229,7.64018942479457,1,found,358,242,523,0.46055230498313904,282.7512459989521,"[[315.3133239746094, 1159.193359375], [490.1622009277344, 1171.549560546875], [439.46905517578125, 1459.818115234375], [237.1835174560547, 1450.31982421875]]"
230,7.673552697391926,1,found,360,224,516,0.4537890553474426,263.46141399699263,"[[312.116943359375, 1162.7125244140625], [487.00909423828125, 1174.0037841796875], [435.4683837890625, 1463.2652587890625], [234.05982971191406, 1453.6512451171875]]"
231,7.706915969989282,1,found,340,254,512,0.4462112784385681,269.46357900305884,"[[308.2567138671875, 1169.943115234375], [483.1665344238281, 1180.9464111328125], [430.7994689941406, 1470.3653564453125], [230.17689514160156, 1460.5128173828125]]"
232,7.740279242586639,1,found,244,325,525,0.5081312656402588,280.357620002178,"[[303.7046813964844, 1175.477783203125], [477.1253356933594, 1187.63427734375], [425.5149230957031, 1475.018310546875], [225.1895294189453, 1465.7674560546875]]"
233,7.773642515183995,1,found,307,275,524,0.49067223072052,265.47258499340387,"[[300.4101867675781, 1180.50927734375], [474.1484680175781, 1191.786865234375], [421.3248291015625, 1479.8616943359375], [222.2442169189453, 1469.798583984375]]"
234,7.807005787781351,1,found,355,243,524,0.4931361973285675,266.3088690023869,"[[297.1198425292969, 1185.2913818359375], [470.59222412109375, 1196.48876953125], [417.4927062988281, 1484.390380859375], [218.90805053710938, 1474.12744140625]]"
235,7.840369060378707,1,found,346,243,519,0.5023710131645203,266.2768750014948,"[[293.54290771484375, 1191.9605712890625], [465.5579833984375, 1203.9686279296875], [413.0667419433594, 1490.581787109375], [215.03990173339844, 1480.7642822265625]]"
236,7.873732332976063,1,found,358,230,520,0.46883541345596313,267.08827699621907,"[[290.1861267089844, 1199.15966796875], [462.8040466308594, 1210.750244140625], [409.3918151855469, 1497.897216796875], [212.00880432128906, 1487.2039794921875]]"
237,7.90709560557342,1,found,351,238,510,0.4547540545463562,267.5532069988549,"[[287.5926208496094, 1206.2457275390625], [459.0984191894531, 1218.24560546875], [405.8643798828125, 1504.587646484375], [208.91244506835938, 1494.409912109375]]"
238,7.940458878170776,1,found,350,235,516,0.4556339979171753,275.60790000279667,"[[285.1144714355469, 1212.8311767578125], [456.15875244140625, 1224.83935546875], [402.8715515136719, 1511.009765625], [206.48875427246094, 1500.82373046875]]"
239,7.9738221507681315,1,found,340,245,514,0.4613034725189209,291.61496499727946,"[[283.16156005859375, 1220.313720703125], [453.5617370605469, 1232.5394287109375], [400.1045227050781, 1518.3133544921875], [204.0803680419922, 1508.2940673828125]]"
240,8.007185423365488,1,found,333,247,523,0.42083895206451416,282.83235099661397,"[[279.6137390136719, 1227.0828857421875], [449.8682861328125, 1239.486572265625], [396.2948303222656, 1525.1978759765625], [200.7027587890625, 1515.0234375]]"
241,8.040548695962844,1,found,352,236,518,0.43462643027305603,258.7188260004041,"[[276.9086608886719, 1234.477783203125], [446.614013671875, 1246.8489990234375], [392.8783264160156, 1532.3687744140625], [197.8312225341797, 1522.16552734375]]"
242,8.0739119685602,1,found,337,245,517,0.4633695185184479,273.0871840030886,"[[274.1465148925781, 1242.7073974609375], [442.31744384765625, 1255.715576171875], [389.6222229003906, 1540.0479736328125], [194.38417053222656, 1529.75830078125]]"
243,8.107275241157557,1,found,347,241,510,0.4594798684120178,266.07846000115387,"[[271.7550354003906, 1250.913330078125], [439.2673645019531, 1263.9976806640625], [386.70404052734375, 1547.8087158203125], [191.635986328125, 1537.544921875]]"
244,8.140638513754913,1,found,365,235,522,0.4415958821773529,274.9746170011349,"[[267.67706298828125, 1257.2254638671875], [436.3018798828125, 1269.877685546875], [382.41107177734375, 1555.00927734375], [188.306396484375, 1544.529052734375]]"
245,8.17400178635227,1,found,350,240,514,0.44953346252441406,267.877407000924,"[[263.92218017578125, 1265.006591796875], [431.9538879394531, 1277.9324951171875], [377.4864196777344, 1563.0621337890625], [184.00198364257812, 1552.628662109375]]"
246,8.207365058949625,1,found,339,254,528,0.44210660457611084,268.935051994049,"[[259.77984619140625, 1274.166748046875], [427.4730529785156, 1286.7149658203125], [373.44573974609375, 1571.7998046875], [179.75958251953125, 1561.023681640625]]"
247,8.24072833154698,1,found,359,244,530,0.440091073513031,274.70335100224474,"[[255.78656005859375, 1282.2913818359375], [423.2867736816406, 1295.550537109375], [368.4620666503906, 1580.4656982421875], [175.41278076171875, 1570.060546875]]"
248,8.274091604144338,1,found,339,252,527,0.45246779918670654,314.5844370010309,"[[250.65499877929688, 1291.082275390625], [418.25335693359375, 1303.9136962890625], [362.7119140625, 1589.538818359375], [170.61090087890625, 1578.4764404296875]]"
249,8.307454876741694,1,found,356,240,529,0.45276638865470886,313.180001998262,"[[246.2534637451172, 1301.18701171875], [412.73138427734375, 1314.83251953125], [357.2222595214844, 1599.86669921875], [164.90093994140625, 1589.37646484375]]"
250,8.34081814933905,1,found,368,237,529,0.48328524827957153,307.24340899905656,"[[241.42608642578125, 1311.0428466796875], [407.7200012207031, 1324.6693115234375], [351.4051818847656, 1609.7838134765625], [159.81439208984375, 1599.4283447265625]]"
251,8.374181421936406,1,found,320,273,526,0.48681312799453735,311.02106499747606,"[[235.95156860351562, 1321.3555908203125], [401.6138000488281, 1334.8765869140625], [344.9891662597656, 1620.662841796875], [153.50137329101562, 1610.0277099609375]]"
252,8.407544694533762,1,found,333,244,515,0.5175299644470215,296.85605299891904,"[[231.88555908203125, 1331.221435546875], [397.0101013183594, 1344.9508056640625], [339.9695739746094, 1630.599853515625], [148.9663543701172, 1620.0543212890625]]"
253,8.44090796713112,1,found,339,247,517,0.5007675886154175,286.330167997221,"[[227.2533721923828, 1340.80078125], [392.0728759765625, 1354.390625], [334.4122314453125, 1640.387939453125], [144.0090789794922, 1629.718994140625]]"
254,8.474271239728475,1,found,332,242,508,0.4910702109336853,268.3050249979715,"[[222.10662841796875, 1350.5118408203125], [386.31646728515625, 1364.3033447265625], [328.39208984375, 1650.4732666015625], [138.363037109375, 1639.8287353515625]]"
255,8.507634512325831,1,found,376,240,526,0.4824915826320648,267.0617090043379,"[[218.76564025878906, 1360.4400634765625], [382.6900634765625, 1374.156005859375], [324.1559143066406, 1660.7021484375], [135.0989532470703, 1649.5926513671875]]"
256,8.540997784923187,1,found,357,233,522,0.49643784761428833,270.1559369961615,"[[214.7838134765625, 1370.9368896484375], [378.10076904296875, 1384.8172607421875], [319.477783203125, 1671.8109130859375], [130.34844970703125, 1660.6575927734375]]"
257,8.574361057520543,1,found,363,217,514,0.49427685141563416,265.83029700123006,"[[209.61007690429688, 1380.8486328125], [372.6289978027344, 1395.0506591796875], [313.6838073730469, 1681.9534912109375], [124.98617553710938, 1671.12548828125]]"
258,8.6077243301179,1,found,331,253,521,0.49668562412261963,270.302516000811,"[[205.4106903076172, 1389.2894287109375], [367.4400634765625, 1403.94384765625], [308.8267517089844, 1690.650390625], [120.32564544677734, 1679.9403076171875]]"
259,8.641087602715256,1,found,315,269,517,0.5299704074859619,263.1228030004422,"[[199.14849853515625, 1398.1451416015625], [361.0771179199219, 1412.4884033203125], [301.5411376953125, 1700.08935546875], [113.5917739868164, 1689.1724853515625]]"
260,8.674450875312612,1,found,372,224,531,0.43429651856422424,264.6798560017487,"[[193.83628845214844, 1406.553955078125], [355.8599853515625, 1421.3116455078125], [295.7742004394531, 1709.1873779296875], [107.90856170654297, 1698.111083984375]]"
261,8.707814147909968,1,found,381,223,527,0.4413799047470093,266.40789800148923,"[[188.3648681640625, 1414.3065185546875], [350.1667785644531, 1429.2359619140625], [289.79669189453125, 1717.500244140625], [102.168701171875, 1706.3892822265625]]"
262,8.741177420507325,1,found,136,398,490,0.6851180195808411,253.98427099571563,"[[184.17808532714844, 1421.626708984375], [345.7627868652344, 1436.5074462890625], [284.6932678222656, 1725.511474609375], [97.7845230102539, 1714.789794921875]]"
263,8.774540693104681,1,found,97,430,473,0.779382586479187,236.039556999458,"[[179.19422912597656, 1430.389892578125], [341.1817932128906, 1444.2587890625], [279.7973327636719, 1734.5340576171875], [93.13423919677734, 1723.635009765625]]"
264,8.807903965702037,1,found,173,354,477,0.7393634915351868,265.3483559988672,"[[171.84915161132812, 1439.7113037109375], [330.64208984375, 1457.3892822265625], [271.4496765136719, 1743.7725830078125], [84.46968078613281, 1733.580322265625]]"
265,8.841267238299393,1,found,281,310,516,0.6005021333694458,260.1781990015297,"[[165.71728515625, 1450.33642578125], [326.28936767578125, 1465.5472412109375], [265.24395751953125, 1754.5892333984375], [78.32237243652344, 1744.1824951171875]]"
266,8.874630510896749,1,found,138,423,502,0.77718186378479,263.1436119991122,"[[159.69818115234375, 1458.9720458984375], [318.2983093261719, 1476.1121826171875], [257.614501953125, 1763.41796875], [70.84779357910156, 1753.58935546875]]"
267,8.907993783494106,1,found,36,431,388,1.0742080211639404,246.41756799974246,"[[153.99349975585938, 1464.60107421875], [313.8976135253906, 1478.019287109375], [250.6719512939453, 1769.9241943359375], [64.53294372558594, 1759.8944091796875]]"
268,8.941357056091462,1,found,72,350,379,0.9330317378044128,237.40868699678686,"[[145.968994140625, 1468.5555419921875], [306.2874755859375, 1483.7215576171875], [241.9607696533203, 1775.5262451171875], [56.63081359863281, 1764.44677734375]]"
269,8.974720328688818,1,found,103,331,376,1.018979787826538,237.9663960018661,"[[138.4118194580078, 1475.771240234375], [298.4280090332031, 1490.4117431640625], [233.66139221191406, 1783.2052001953125], [48.746742248535156, 1769.91064453125]]"
270,9.008083601286174,1,found,176,277,397,0.9452582597732544,251.71411400515353,"[[132.73382568359375, 1479.5516357421875], [291.4801940917969, 1498.2601318359375], [226.13780212402344, 1788.4127197265625], [41.43886947631836, 1777.52392578125]]"
271,9.04144687388353,1,found,108,327,391,0.9872623085975647,241.28050899889786,"[[125.65228271484375, 1488.1644287109375], [284.9427795410156, 1504.2100830078125], [219.7156524658203, 1793.9940185546875], [34.37396240234375, 1783.2694091796875]]"
272,9.074810146480887,1,found,198,268,415,0.9808531999588013,259.054643996933,"[[120.45148468017578, 1491.3446044921875], [278.2081298828125, 1510.6806640625], [213.6170654296875, 1798.5743408203125], [27.854137420654297, 1788.1676025390625]]"
273,9.108173419078243,1,found,343,228,487,0.7246413826942444,276.5799059998244,"[[115.99378204345703, 1495.84716796875], [276.45001220703125, 1512.6141357421875], [209.4236602783203, 1801.9627685546875], [23.88576889038086, 1792.7225341796875]]"
274,9.141536691675599,1,found,367,217,500,0.6670613884925842,268.34608399803983,"[[113.10265350341797, 1500.1156005859375], [273.26519775390625, 1515.744873046875], [205.97659301757812, 1808.0023193359375], [21.13526725769043, 1795.3245849609375]]"
275,9.174899964272955,1,found,389,239,546,0.5092121958732605,265.23797000118066,"[[109.8930435180664, 1503.4810791015625], [269.9769287109375, 1519.663330078125], [202.03611755371094, 1812.225830078125], [17.152172088623047, 1799.2275390625]]"
276,9.20826323687031,1,found,383,226,523,0.5500710606575012,275.5667960009305,"[[108.80770111083984, 1505.6834716796875], [266.5578918457031, 1524.317138671875], [200.0631103515625, 1813.8062744140625], [15.160244941711426, 1801.5609130859375]]"
277,9.241626509467668,1,found,378,237,527,0.5010073781013489,280.0554880013806,"[[109.08904266357422, 1507.8306884765625], [267.19281005859375, 1525.65087890625], [199.62255859375, 1816.4805908203125], [14.438971519470215, 1803.52783203125]]"
278,9.274989782065024,1,found,314,268,525,0.48544228076934814,280.14885199809214,"[[110.24323272705078, 1510.1680908203125], [268.7565612792969, 1527.941162109375], [199.9581298828125, 1819.9444580078125], [15.572392463684082, 1806.4166259765625]]"
279,9.30835305466238,1,found,331,259,517,0.5120816230773926,274.05801100394456,"[[111.12625122070312, 1512.8377685546875], [269.7111511230469, 1531.15625], [200.4932098388672, 1822.45556640625], [16.960044860839844, 1808.7503662109375]]"
280,9.341716327259736,1,found,315,266,512,0.49405163526535034,269.3343030041433,"[[112.77577209472656, 1515.9879150390625], [270.5005798339844, 1534.7919921875], [201.77200317382812, 1826.1451416015625], [17.91208267211914, 1811.8126220703125]]"
281,9.375079599857091,1,found,342,249,510,0.48987025022506714,262.1814230005839,"[[116.17146301269531, 1518.910888671875], [273.6614074707031, 1537.99755859375], [204.71469116210938, 1829.2589111328125], [21.98834228515625, 1814.0845947265625]]"
282,9.408442872454449,1,found,335,245,506,0.48229366540908813,267.60616999672493,"[[120.94029235839844, 1521.92919921875], [277.6300048828125, 1541.39599609375], [208.96372985839844, 1831.8436279296875], [26.962387084960938, 1816.453125]]"
283,9.441806145051805,1,found,340,250,508,0.5128676891326904,268.9289430054487,"[[124.86941528320312, 1525.805908203125], [278.8772888183594, 1547.3885498046875], [212.52239990234375, 1834.9600830078125], [30.756174087524414, 1819.3538818359375]]"
284,9.47516941764916,1,found,326,264,507,0.4867180585861206,266.46096899639815,"[[129.7275848388672, 1526.84228515625], [285.2985534667969, 1547.6552734375], [216.86181640625, 1836.038330078125], [36.46672058105469, 1820.3065185546875]]"
285,9.508532690246517,1,found,328,243,502,0.4783443212509155,264.34460900054546,"[[133.36563110351562, 1528.958740234375], [288.28106689453125, 1550.0374755859375], [220.2451934814453, 1837.9053955078125], [40.93163299560547, 1820.997802734375]]"
286,9.541895962843874,1,found,356,233,511,0.49232929944992065,265.2120049970108,"[[136.31069946289062, 1532.224609375], [290.2570495605469, 1553.4112548828125], [222.5144500732422, 1840.9566650390625], [43.743743896484375, 1823.4300537109375]]"
287,9.57525923544123,1,found,344,245,510,0.4746391475200653,261.20879399968544,"[[139.50857543945312, 1534.4034423828125], [293.125732421875, 1556.015625], [224.736083984375, 1842.8946533203125], [46.76277542114258, 1824.7230224609375]]"
288,9.608622508038586,1,found,344,240,508,0.4606931209564209,265.97739400313003,"[[142.23428344726562, 1535.7589111328125], [295.2917785644531, 1557.89453125], [226.67579650878906, 1844.05517578125], [49.45216369628906, 1825.37744140625]]"
289,9.641985780635942,1,found,360,232,509,0.46974658966064453,262.3709780018544,"[[146.0706024169922, 1538.9312744140625], [298.23443603515625, 1561.01025390625], [229.62904357910156, 1846.2884521484375], [53.16524124145508, 1827.0928955078125]]"
290,9.675349053233298,1,found,357,233,516,0.4535696804523468,268.1651849998161,"[[151.09149169921875, 1539.8192138671875], [302.8675231933594, 1562.751953125], [233.83676147460938, 1847.164306640625], [58.7689094543457, 1827.1680908203125]]"
291,9.708712325830655,1,found,378,221,515,0.45198968052864075,260.42972700088285,"[[154.02488708496094, 1542.825439453125], [305.2316589355469, 1566.35205078125], [236.32058715820312, 1849.66064453125], [61.864295959472656, 1829.51513671875]]"
292,9.742075598428011,1,found,374,234,529,0.43196284770965576,266.96639500005404,"[[157.31459045410156, 1546.035400390625], [308.16815185546875, 1569.8004150390625], [239.1997528076172, 1852.497802734375], [65.14844512939453, 1831.84130859375]]"
293,9.775438871025367,1,found,365,225,518,0.43439868092536926,263.6656020040391,"[[160.42523193359375, 1551.1011962890625], [310.8829040527344, 1575.112060546875], [241.6656036376953, 1857.3631591796875], [68.4383773803711, 1836.0263671875]]"
294,9.808802143622723,1,found,365,231,515,0.4543285071849823,265.5462280017673,"[[165.55604553222656, 1556.5538330078125], [314.5501403808594, 1581.5286865234375], [246.32276916503906, 1862.2088623046875], [73.78501892089844, 1840.4658203125]]"
295,9.842165416220078,1,found,371,227,514,0.4243399500846863,266.07490600144956,"[[170.30580139160156, 1560.8477783203125], [319.4189147949219, 1585.8499755859375], [250.4086456298828, 1866.8970947265625], [79.02349090576172, 1844.780517578125]]"
296,9.875528688817436,1,found,382,209,510,0.4216190278530121,279.793901994708,"[[174.091796875, 1566.149169921875], [321.92626953125, 1591.8946533203125], [253.87283325195312, 1871.3765869140625], [82.92039489746094, 1848.386962890625]]"
297,9.908891961414792,1,found,376,227,512,0.3980877995491028,263.49431799462764,"[[178.18826293945312, 1569.76708984375], [326.5992431640625, 1595.3597412109375], [257.2975769042969, 1875.130615234375], [87.90291595458984, 1851.462646484375]]"
298,9.942255234012148,1,found,365,241,513,0.3828487694263458,263.066979998257,"[[181.50006103515625, 1574.6143798828125], [329.4349670410156, 1600.594970703125], [260.1202087402344, 1879.73681640625], [91.14478302001953, 1855.5748291015625]]"
299,9.975618506609504,1,found,340,235,504,0.4179372787475586,264.99137000064366,"[[184.04815673828125, 1579.441162109375], [331.91107177734375, 1605.9906005859375], [262.06011962890625, 1884.6982421875], [93.62904357910156, 1859.8797607421875]]"
300,10.00898177920686,1,found,369,235,520,0.4651597738265991,266.6328139966936,"[[186.51116943359375, 1583.8665771484375], [333.91595458984375, 1610.7259521484375], [263.48968505859375, 1888.7691650390625], [96.04834747314453, 1863.41845703125]]"
301,10.042345051804217,1,found,344,248,510,0.45497483015060425,265.174701999058,"[[188.97607421875, 1587.859619140625], [335.2910461425781, 1615.580810546875], [265.06097412109375, 1892.4736328125], [97.87740325927734, 1866.98046875]]"
302,10.075708324401573,1,found,353,244,511,0.45953118801116943,256.8147830024827,"[[191.401123046875, 1592.578369140625], [337.71990966796875, 1620.5184326171875], [266.9795227050781, 1897.0009765625], [100.57315826416016, 1870.861572265625]]"
303,10.109071596998929,1,found,373,217,505,0.4469037652015686,263.1517379995785,"[[195.13294982910156, 1595.81982421875], [341.2559814453125, 1623.7353515625], [270.50726318359375, 1900.095458984375], [104.554931640625, 1872.5177001953125]]"
304,10.142434869596284,1,found,360,230,507,0.47055110335350037,260.34035699558444,"[[197.61085510253906, 1599.9215087890625], [343.0641784667969, 1628.148193359375], [272.6792297363281, 1903.4876708984375], [106.97354888916016, 1875.7677001953125]]"
305,10.17579814219364,1,found,369,220,512,0.4521235227584839,260.6078289973084,"[[200.5657501220703, 1603.0928955078125], [345.688720703125, 1632.462890625], [275.0635986328125, 1906.6358642578125], [109.7574234008789, 1879.002197265625]]"
306,10.209161414790998,1,found,348,240,514,0.43060386180877686,266.5834880026523,"[[203.13328552246094, 1606.811767578125], [348.0846252441406, 1636.4898681640625], [276.8025817871094, 1910.771240234375], [112.22079467773438, 1882.66259765625]]"
307,10.242524687388354,1,found,351,230,511,0.41416335105895996,262.9281629997422,"[[203.78968811035156, 1610.888916015625], [348.8714904785156, 1640.6910400390625], [276.8461608886719, 1915.369384765625], [112.44355010986328, 1886.6751708984375]]"
308,10.27588795998571,1,found,375,222,511,0.4098137617111206,260.45715699729044,"[[203.82147216796875, 1615.35546875], [348.8172302246094, 1645.589111328125], [276.31793212890625, 1920.8360595703125], [112.10546875, 1891.42529296875]]"
309,10.309251232583065,1,found,389,211,505,0.42787402868270874,266.1655960037024,"[[204.48768615722656, 1620.1007080078125], [349.5428161621094, 1650.764892578125], [276.4708251953125, 1926.4744873046875], [112.2042007446289, 1896.8800048828125]]"
310,10.342614505180421,1,found,373,215,509,0.4104147255420685,264.08113700017566,"[[204.56959533691406, 1624.5987548828125], [349.7892761230469, 1655.8839111328125], [276.13555908203125, 1931.91015625], [111.51226806640625, 1902.1024169921875]]"
